{"type":"world_loaded","value":{"user_id":"2535430634447646","client_id":"MDliYTI5OTEtNzMxYS00OTI5LWI0Y2MtNzE0Y2M3Zjc3YjEy","minecraft_session_id":"38a06803-2883-492b-bf5a-bf26f35efc7a","game_version":"1.20.1","operating_system":"windows","platform":"Windows 11","client_modded":true,"launcher_name":"minecraft-launcher","event_timestamp_utc":"2023-09-03T16:09:01.670994800Z","opt_in":false,"world_session_id":"f6dbd0ff-94a9-4cda-a683-02c8419ebceb","server_modded":true,"server_type":"server","game_mode":"survival"}}
{"type":"world_unloaded","value":{"user_id":"2535430634447646","client_id":"MDliYTI5OTEtNzMxYS00OTI5LWI0Y2MtNzE0Y2M3Zjc3YjEy","minecraft_session_id":"38a06803-2883-492b-bf5a-bf26f35efc7a","game_version":"1.20.1","operating_system":"windows","platform":"Windows 11","client_modded":true,"launcher_name":"minecraft-launcher","event_timestamp_utc":"2023-09-03T16:09:26.117043100Z","opt_in":false,"world_session_id":"f6dbd0ff-94a9-4cda-a683-02c8419ebceb","server_modded":true,"server_type":"server","seconds_since_load":24,"ticks_since_load":493}}
